category,count,mean_value,min_value,max_value
A,4,11.5,10,13
B,3,15.666666666666666,14,18
C,3,27.666666666666668,25,30
