scenario,column,count,mean,median,std,min,max
ALL,x,200,5.000000000000001,5.0,2.9085017343694033,0.0,10.0
NO_OUTLIERS,x,199,4.98472260801495,4.974874371859297,2.9077811118814827,0.0,10.0
WINSORIZED_5_95,x,200,5.0,5.0,2.8639185462649444,0.5000000000000001,9.5
ALL,y,200,12.17193564444711,12.349662657500474,6.761377639109393,-1.251419695634091,36.864730183208
NO_OUTLIERS,y,199,12.047851249779967,12.285112957263696,6.546157480180745,-1.251419695634091,25.020553846516712
WINSORIZED_5_95,y,200,12.119642808982745,12.349662657500474,6.386781263615605,2.029176349540418,22.292844109621075
